{
  "weeks": [
    1,
    2,
    3,
    4,
    5,
    6,
    7,
    8,
    9,
    10,
    11,
    12,
    13,
    14,
    15,
    16,
    17,
    18
  ],
  "owners": [
    {
      "ownerName": "mtost",
      "leagueName": "(D1L8) Balls of the Nights Watch",
      "division": "Division 1",
      "weekly": {
        "1": 155.84,
        "2": 183.7,
        "3": 169.54,
        "4": 153.16,
        "5": 205.44,
        "6": 133.66,
        "7": 108.46,
        "8": 203.62,
        "9": 210,
        "10": 157.74,
        "11": 242,
        "12": 148.1,
        "13": 181.8,
        "14": 167.12,
        "15": 185.74,
        "16": 205.52,
        "17": 144.4,
        "18": 155.84
      },
      "total": 3111.68
    },
    {
      "ownerName": "JimbosBimbos",
      "leagueName": "(D1L8) Balls of the Nights Watch",
      "division": "Division 1",
      "weekly": {
        "1": 174.8,
        "2": 116.18,
        "3": 143.88,
        "4": 161.12,
        "5": 169.42,
        "6": 154.5,
        "7": 102.34,
        "8": 176.98,
        "9": 168.2,
        "10": 114.48,
        "11": 139.38,
        "12": 155.76,
        "13": 191.88,
        "14": 112.76,
        "15": 140.2,
        "16": 176.52,
        "17": 211.18,
        "18": 155.5
      },
      "total": 2765.08
    },
    {
      "ownerName": "JMorris410",
      "leagueName": "(D1L8) Balls of the Nights Watch",
      "division": "Division 1",
      "weekly": {
        "1": 138.88,
        "2": 163.36,
        "3": 160.68,
        "4": 184.44,
        "5": 147.5,
        "6": 202.84,
        "7": 208.14,
        "8": 140.04,
        "9": 179.1,
        "10": 158.16,
        "11": 163.12,
        "12": 156.8,
        "13": 154.98,
        "14": 123.8,
        "15": 210.12,
        "16": 176.78,
        "17": 160.68,
        "18": 155.86
      },
      "total": 2985.28
    },
    {
      "ownerName": "jmhubbs",
      "leagueName": "(D1L8) Balls of the Nights Watch",
      "division": "Division 1",
      "weekly": {
        "1": 137.9,
        "2": 140,
        "3": 173.16,
        "4": 207.62,
        "5": 191.12,
        "6": 124.7,
        "7": 94.3,
        "8": 187.32,
        "9": 105.92,
        "10": 99.3,
        "11": 125.2,
        "12": 82.62,
        "13": 145.18,
        "14": 111.12,
        "15": 155.2,
        "16": 158.6,
        "17": 134.1,
        "18": 154.4
      },
      "total": 2526.76
    },
    {
      "ownerName": "Gormana7",
      "leagueName": "(D1L8) Balls of the Nights Watch",
      "division": "Division 1",
      "weekly": {
        "1": 165.32,
        "2": 188.02,
        "3": 146.64,
        "4": 157.78,
        "5": 153.86,
        "6": 162.74,
        "7": 194.38,
        "8": 185.74,
        "9": 166.22,
        "10": 148.94,
        "11": 189.62,
        "12": 206.26,
        "13": 170.74,
        "14": 174.78,
        "15": 129.66,
        "16": 224.34,
        "17": 160.24,
        "18": 206.8
      },
      "total": 3132.08
    },
    {
      "ownerName": "StickyPicky",
      "leagueName": "(D1L8) Balls of the Nights Watch",
      "division": "Division 1",
      "weekly": {
        "1": 184.6,
        "2": 132.8,
        "3": 176.82,
        "4": 157.4,
        "5": 106.34,
        "6": 206.66,
        "7": 158.86,
        "8": 217.44,
        "9": 191.6,
        "10": 160.08,
        "11": 259.86,
        "12": 164.48,
        "13": 191.06,
        "14": 182.44,
        "15": 211.26,
        "16": 152.76,
        "17": 211.68,
        "18": 179.98
      },
      "total": 3246.12
    },
    {
      "ownerName": "csimms52",
      "leagueName": "(D1L8) Balls of the Nights Watch",
      "division": "Division 1",
      "weekly": {
        "1": 188.96,
        "2": 229.74,
        "3": 209.96,
        "4": 178.14,
        "5": 156.94,
        "6": 169.82,
        "7": 161.78,
        "8": 166.92,
        "9": 229.5,
        "10": 137.3,
        "11": 178.26,
        "12": 139.08,
        "13": 202.08,
        "14": 213.98,
        "15": 243.26,
        "16": 168.8,
        "17": 206.18,
        "18": 165.2
      },
      "total": 3345.9
    },
    {
      "ownerName": "Therrell",
      "leagueName": "(D1L8) Balls of the Nights Watch",
      "division": "Division 1",
      "weekly": {
        "1": 178.88,
        "2": 173.72,
        "3": 239.82,
        "4": 191.38,
        "5": 167.56,
        "6": 199.6,
        "7": 190.36,
        "8": 197.4,
        "9": 175.98,
        "10": 150.12,
        "11": 132,
        "12": 121.46,
        "13": 153.76,
        "14": 236.98,
        "15": 161.16,
        "16": 217.56,
        "17": 187.14,
        "18": 116.36
      },
      "total": 3191.24
    },
    {
      "ownerName": "glc76",
      "leagueName": "(D1L8) Balls of the Nights Watch",
      "division": "Division 1",
      "weekly": {
        "1": 131.46,
        "2": 154.2,
        "3": 213.04,
        "4": 168.22,
        "5": 237.9,
        "6": 178.04,
        "7": 197.78,
        "8": 191.22,
        "9": 165.44,
        "10": 187.22,
        "11": 141.72,
        "12": 169.5,
        "13": 214,
        "14": 169.6,
        "15": 190.14,
        "16": 185.4,
        "17": 191.8,
        "18": 193.62
      },
      "total": 3280.3
    },
    {
      "ownerName": "BXBenny",
      "leagueName": "(D1L8) Balls of the Nights Watch",
      "division": "Division 1",
      "weekly": {
        "1": 181.22,
        "2": 144.62,
        "3": 102.6,
        "4": 179.06,
        "5": 172.74,
        "6": 145.06,
        "7": 141.22,
        "8": 181.48,
        "9": 172.3,
        "10": 126.94,
        "11": 203.94,
        "12": 187.58,
        "13": 193.16,
        "14": 211.9,
        "15": 101.44,
        "16": 135.7,
        "17": 173.4,
        "18": 152.8
      },
      "total": 2907.16
    },
    {
      "ownerName": "ShortStack11",
      "leagueName": "D12L5 - Kimiko",
      "division": "Division 1",
      "weekly": {
        "1": 159.14,
        "2": 170.04,
        "3": 228.24,
        "4": 153.66,
        "5": 126.74,
        "6": 152.44,
        "7": 134.2,
        "8": 169.98,
        "9": 141.72,
        "10": 131.06,
        "11": 170.56,
        "12": 159.84,
        "13": 175.68,
        "14": 215.58,
        "15": 195.56,
        "16": 168.4,
        "17": 187.22,
        "18": 189.6
      },
      "total": 3029.66
    },
    {
      "ownerName": "rarity",
      "leagueName": "D12L5 - Kimiko",
      "division": "Division 1",
      "weekly": {
        "1": 164.44,
        "2": 191.5,
        "3": 213.32,
        "4": 192.24,
        "5": 186,
        "6": 181.12,
        "7": 175.54,
        "8": 150.42,
        "9": 172.86,
        "10": 170.1,
        "11": 195.82,
        "12": 152.76,
        "13": 188.38,
        "14": 112.94,
        "15": 160.54,
        "16": 126.68,
        "17": 151.52,
        "18": 151.98
      },
      "total": 3038.16
    },
    {
      "ownerName": "SoulSTeeler",
      "leagueName": "D12L5 - Kimiko",
      "division": "Division 1",
      "weekly": {
        "1": 196,
        "2": 142.84,
        "3": 144.88,
        "4": 182.88,
        "5": 171.16,
        "6": 184.6,
        "7": 188.46,
        "8": 201.54,
        "9": 189.74,
        "10": 145.88,
        "11": 191.44,
        "12": 206.02,
        "13": 151.04,
        "14": 189.8,
        "15": 156.28,
        "16": 186.52,
        "17": 242.16,
        "18": 191.92
      },
      "total": 3263.16
    },
    {
      "ownerName": "tb76",
      "leagueName": "D12L5 - Kimiko",
      "division": "Division 1",
      "weekly": {
        "1": 115.26,
        "2": 125.92,
        "3": 122.86,
        "4": 140.04,
        "5": 193.54,
        "6": 148.24,
        "7": 176.24,
        "8": 132.6,
        "9": 185.74,
        "10": 160.52,
        "11": 203.18,
        "12": 138.32,
        "13": 152.12,
        "14": 170.6,
        "15": 164.5,
        "16": 140.96,
        "17": 183.28,
        "18": 122.28
      },
      "total": 2776.2
    },
    {
      "ownerName": "twinsanity",
      "leagueName": "D12L5 - Kimiko",
      "division": "Division 1",
      "weekly": {
        "1": 188.26,
        "2": 180.94,
        "3": 159.14,
        "4": 162.84,
        "5": 203.82,
        "6": 187.72,
        "7": 154.46,
        "8": 225,
        "9": 215.16,
        "10": 161.54,
        "11": 138.36,
        "12": 139.86,
        "13": 214.66,
        "14": 158.58,
        "15": 229.64,
        "16": 216.62,
        "17": 222.88,
        "18": 155.82
      },
      "total": 3315.3
    },
    {
      "ownerName": "chiefslife13",
      "leagueName": "D12L5 - Kimiko",
      "division": "Division 1",
      "weekly": {
        "1": 183.4,
        "2": 179.56,
        "3": 181.18,
        "4": 168.08,
        "5": 167.34,
        "6": 165.06,
        "7": 134.82,
        "8": 189.5,
        "9": 166.9,
        "10": 136.54,
        "11": 154.22,
        "12": 113.32,
        "13": 163.14,
        "14": 189.56,
        "15": 160.22,
        "16": 151.06,
        "17": 139.16,
        "18": 172.92
      },
      "total": 2915.98
    },
    {
      "ownerName": "JohnLegz",
      "leagueName": "D12L5 - Kimiko",
      "division": "Division 1",
      "weekly": {
        "1": 151.4,
        "2": 179.16,
        "3": 184.8,
        "4": 209.54,
        "5": 186.62,
        "6": 196.84,
        "7": 134.76,
        "8": 231.74,
        "9": 190.12,
        "10": 140.12,
        "11": 234.88,
        "12": 195.14,
        "13": 208.18,
        "14": 185.2,
        "15": 183.2,
        "16": 170.62,
        "17": 189.56,
        "18": 184.54
      },
      "total": 3356.42
    },
    {
      "ownerName": "Joe__Joe_",
      "leagueName": "D12L5 - Kimiko",
      "division": "Division 1",
      "weekly": {
        "1": 162.04,
        "2": 169.98,
        "3": 161.46,
        "4": 162.38,
        "5": 133.76,
        "6": 148.78,
        "7": 87.54,
        "8": 148,
        "9": 192.36,
        "10": 104.68,
        "11": 162.82,
        "12": 135.54,
        "13": 135.64,
        "14": 145.92,
        "15": 126.82,
        "16": 197.9,
        "17": 128.2,
        "18": 153.42
      },
      "total": 2657.24
    },
    {
      "ownerName": "StickyPicky",
      "leagueName": "D12L5 - Kimiko",
      "division": "Division 1",
      "weekly": {
        "1": 134.04,
        "2": 114.92,
        "3": 188.5,
        "4": 152.8,
        "5": 176.12,
        "6": 145.84,
        "7": 173.54,
        "8": 175.72,
        "9": 121.26,
        "10": 197.42,
        "11": 133.4,
        "12": 130.9,
        "13": 195.2,
        "14": 199.12,
        "15": 141.26,
        "16": 250.08,
        "17": 192.78,
        "18": 141.44
      },
      "total": 2963.34
    },
    {
      "ownerName": "westLEX",
      "leagueName": "D12L5 - Kimiko",
      "division": "Division 1",
      "weekly": {
        "1": 164.08,
        "2": 177.24,
        "3": 188.8,
        "4": 196.52,
        "5": 161.44,
        "6": 191.32,
        "7": 218.94,
        "8": 211.22,
        "9": 195.7,
        "10": 170.46,
        "11": 227.66,
        "12": 192.18,
        "13": 208.26,
        "14": 165.02,
        "15": 251.44,
        "16": 218.28,
        "17": 193.1,
        "18": 192.84
      },
      "total": 3524.5
    },
    {
      "ownerName": "Grundogg",
      "leagueName": "D12L1 - Butcher",
      "division": "Division 1",
      "weekly": {
        "1": 165.04,
        "2": 138.66,
        "3": 191.1,
        "4": 169.7,
        "5": 180.76,
        "6": 203.86,
        "7": 160.06,
        "8": 187.84,
        "9": 157.76,
        "10": 100.48,
        "11": 187.12,
        "12": 184.6,
        "13": 183.7,
        "14": 168.58,
        "15": 163.46,
        "16": 175.36,
        "17": 162.34,
        "18": 160.44
      },
      "total": 3040.86
    },
    {
      "ownerName": "MeanMachine922",
      "leagueName": "D12L1 - Butcher",
      "division": "Division 1",
      "weekly": {
        "1": 131.76,
        "2": 139.66,
        "3": 122.82,
        "4": 157.74,
        "5": 171.3,
        "6": 174.34,
        "7": 149.8,
        "8": 143.2,
        "9": 156.3,
        "10": 144.58,
        "11": 178.82,
        "12": 162.18,
        "13": 177.94,
        "14": 154.2,
        "15": 191.94,
        "16": 196.96,
        "17": 202.06,
        "18": 135.82
      },
      "total": 2891.42
    },
    {
      "ownerName": "TySegall",
      "leagueName": "D12L1 - Butcher",
      "division": "Division 1",
      "weekly": {
        "1": 164.2,
        "2": 153.28,
        "3": 184.7,
        "4": 181,
        "5": 192.3,
        "6": 149.16,
        "7": 125.22,
        "8": 184.96,
        "9": 198.94,
        "10": 148.7,
        "11": 173.54,
        "12": 138.1,
        "13": 153.4,
        "14": 223.22,
        "15": 137.84,
        "16": 166.12,
        "17": 117.28,
        "18": 203.3
      },
      "total": 2995.26
    },
    {
      "ownerName": "jmhubbs",
      "leagueName": "D12L1 - Butcher",
      "division": "Division 1",
      "weekly": {
        "1": 160.1,
        "2": 171.18,
        "3": 250.44,
        "4": 212.14,
        "5": 239.22,
        "6": 183.4,
        "7": 199.3,
        "8": 194.52,
        "9": 196.08,
        "10": 195.16,
        "11": 184.76,
        "12": 147.2,
        "13": 211.58,
        "14": 186.32,
        "15": 227.3,
        "16": 217.14,
        "17": 254.26,
        "18": 227.42
      },
      "total": 3657.52
    },
    {
      "ownerName": "StickyPicky",
      "leagueName": "D12L1 - Butcher",
      "division": "Division 1",
      "weekly": {
        "1": 169,
        "2": 153.22,
        "3": 155.44,
        "4": 162.28,
        "5": 146.88,
        "6": 208.2,
        "7": 168.98,
        "8": 196.5,
        "9": 164.66,
        "10": 149.78,
        "11": 191.12,
        "12": 185.48,
        "13": 185.58,
        "14": 174.02,
        "15": 202.3,
        "16": 183.12,
        "17": 179.76,
        "18": 177.54
      },
      "total": 3153.86
    },
    {
      "ownerName": "ShortStack11",
      "leagueName": "D12L1 - Butcher",
      "division": "Division 1",
      "weekly": {
        "1": 191.9,
        "2": 151.84,
        "3": 128.76,
        "4": 198.84,
        "5": 110.16,
        "6": 197.52,
        "7": 165.04,
        "8": 176.62,
        "9": 125.54,
        "10": 150.36,
        "11": 211.34,
        "12": 156,
        "13": 183.58,
        "14": 169.06,
        "15": 199.32,
        "16": 189.18,
        "17": 203.32,
        "18": 118.28
      },
      "total": 3026.66
    },
    {
      "ownerName": "tb76",
      "leagueName": "D12L1 - Butcher",
      "division": "Division 1",
      "weekly": {
        "1": 117.8,
        "2": 131.08,
        "3": 186.04,
        "4": 141.9,
        "5": 151.74,
        "6": 162.12,
        "7": 150.32,
        "8": 167.78,
        "9": 180.92,
        "10": 167.74,
        "11": 179.4,
        "12": 164.1,
        "13": 148.16,
        "14": 182.46,
        "15": 148.64,
        "16": 138.3,
        "17": 188.66,
        "18": 126.88
      },
      "total": 2834.04
    },
    {
      "ownerName": "xStoneyy",
      "leagueName": "D12L1 - Butcher",
      "division": "Division 1",
      "weekly": {
        "1": 184.48,
        "2": 201.06,
        "3": 193.56,
        "4": 184.14,
        "5": 156.74,
        "6": 135.12,
        "7": 163.22,
        "8": 159.42,
        "9": 169.84,
        "10": 146.36,
        "11": 143.1,
        "12": 121.3,
        "13": 157.98,
        "14": 183.34,
        "15": 155.48,
        "16": 171.36,
        "17": 163.28,
        "18": 127.5
      },
      "total": 2916.28
    },
    {
      "ownerName": "nate696",
      "leagueName": "D12L1 - Butcher",
      "division": "Division 1",
      "weekly": {
        "1": 155.24,
        "2": 195.36,
        "3": 151,
        "4": 158.26,
        "5": 164.56,
        "6": 164.22,
        "7": 123.66,
        "8": 237.52,
        "9": 190.88,
        "10": 131.52,
        "11": 141.9,
        "12": 117.3,
        "13": 137.3,
        "14": 149.26,
        "15": 161.16,
        "16": 208.28,
        "17": 134.54,
        "18": 137.44
      },
      "total": 2859.4
    },
    {
      "ownerName": "Mrbendointhis",
      "leagueName": "D12L1 - Butcher",
      "division": "Division 1",
      "weekly": {
        "1": 161.18,
        "2": 177.68,
        "3": 195.84,
        "4": 178.3,
        "5": 173.3,
        "6": 144.44,
        "7": 190.3,
        "8": 189.7,
        "9": 242.38,
        "10": 170.24,
        "11": 203.2,
        "12": 173.78,
        "13": 231.28,
        "14": 167.28,
        "15": 157.72,
        "16": 173.92,
        "17": 213.98,
        "18": 215.7
      },
      "total": 3360.22
    },
    {
      "ownerName": "tb76",
      "leagueName": "D11L2 - Devil Jin",
      "division": "Division 2",
      "weekly": {
        "1": 154.74,
        "2": 142.64,
        "3": 180.28,
        "4": 162.78,
        "5": 177.82,
        "6": 201.52,
        "7": 227.58,
        "8": 173.2,
        "9": 129.4,
        "10": 131.52,
        "11": 201.5,
        "12": 144.54,
        "13": 176.54,
        "14": 160.04,
        "15": 169.46,
        "16": 184.8,
        "17": 156.98,
        "18": 144.9
      },
      "total": 3020.24
    },
    {
      "ownerName": "StickyPicky",
      "leagueName": "D11L2 - Devil Jin",
      "division": "Division 2",
      "weekly": {
        "1": 139.2,
        "2": 132.04,
        "3": 186.44,
        "4": 173.02,
        "5": 159.46,
        "6": 163.64,
        "7": 163.54,
        "8": 190.94,
        "9": 168.92,
        "10": 171.1,
        "11": 169.26,
        "12": 171.5,
        "13": 178.82,
        "14": 160.72,
        "15": 199.16,
        "16": 170.12,
        "17": 195.14,
        "18": 213.92
      },
      "total": 3106.94
    },
    {
      "ownerName": "Steb20",
      "leagueName": "D11L2 - Devil Jin",
      "division": "Division 2",
      "weekly": {
        "1": 161.24,
        "2": 184.06,
        "3": 190.74,
        "4": 150.28,
        "5": 179.72,
        "6": 135.92,
        "7": 144.8,
        "8": 185.24,
        "9": 249.08,
        "10": 167.26,
        "11": 175.68,
        "12": 188.98,
        "13": 183.18,
        "14": 174.16,
        "15": 163.9,
        "16": 207.6,
        "17": 225.48,
        "18": 166.42
      },
      "total": 3233.74
    },
    {
      "ownerName": "TySegall",
      "leagueName": "D11L2 - Devil Jin",
      "division": "Division 2",
      "weekly": {
        "1": 174.3,
        "2": 164.42,
        "3": 166.08,
        "4": 183.02,
        "5": 167.5,
        "6": 213.28,
        "7": 172.5,
        "8": 181,
        "9": 159.02,
        "10": 154.74,
        "11": 179.88,
        "12": 157.98,
        "13": 160.14,
        "14": 146.92,
        "15": 187.28,
        "16": 166.74,
        "17": 213.84,
        "18": 116.92
      },
      "total": 3065.56
    },
    {
      "ownerName": "RageOnSunday",
      "leagueName": "D11L2 - Devil Jin",
      "division": "Division 2",
      "weekly": {
        "1": 164.82,
        "2": 151.44,
        "3": 184.36,
        "4": 204.7,
        "5": 145.96,
        "6": 190.54,
        "7": 145.38,
        "8": 170.74,
        "9": 189.16,
        "10": 112.26,
        "11": 177.94,
        "12": 132.18,
        "13": 176.72,
        "14": 56.4,
        "15": 165.58,
        "16": 194.48,
        "17": 173.68,
        "18": 142.2
      },
      "total": 2878.54
    },
    {
      "ownerName": "twinsanity",
      "leagueName": "D11L2 - Devil Jin",
      "division": "Division 2",
      "weekly": {
        "1": 208.22,
        "2": 192.02,
        "3": 189.28,
        "4": 158.6,
        "5": 205.42,
        "6": 147.08,
        "7": 127.6,
        "8": 203.16,
        "9": 215.52,
        "10": 119.44,
        "11": 176.72,
        "12": 120.36,
        "13": 186.26,
        "14": 209.4,
        "15": 175.48,
        "16": 213.42,
        "17": 189.1,
        "18": 204.2
      },
      "total": 3240.28
    },
    {
      "ownerName": "Cbomb18",
      "leagueName": "D11L2 - Devil Jin",
      "division": "Division 2",
      "weekly": {
        "1": 135.54,
        "2": 232.08,
        "3": 202.14,
        "4": 187.42,
        "5": 181.04,
        "6": 174.98,
        "7": 167.26,
        "8": 207.14,
        "9": 176.08,
        "10": 206,
        "11": 150.98,
        "12": 115.32,
        "13": 142.98,
        "14": 213.68,
        "15": 204.4,
        "16": 169.34,
        "17": 182.78,
        "18": 202.62
      },
      "total": 3251.78
    },
    {
      "ownerName": "BigTymaZ420",
      "leagueName": "D11L2 - Devil Jin",
      "division": "Division 2",
      "weekly": {
        "1": 165.98,
        "2": 157.14,
        "3": 169.38,
        "4": 147.08,
        "5": 153.74,
        "6": 173.1,
        "7": 141.4,
        "8": 172.76,
        "9": 151.1,
        "10": 121.36,
        "11": 209.38,
        "12": 223.7,
        "13": 203.64,
        "14": 178.82,
        "15": 171.5,
        "16": 168.8,
        "17": 171.98,
        "18": 159.18
      },
      "total": 3040.04
    },
    {
      "ownerName": "JohnLegz",
      "leagueName": "D11L2 - Devil Jin",
      "division": "Division 2",
      "weekly": {
        "1": 199.94,
        "2": 105.66,
        "3": 127.92,
        "4": 220.2,
        "5": 195.46,
        "6": 196.06,
        "7": 160.86,
        "8": 200.2,
        "9": 166.14,
        "10": 146.58,
        "11": 190.6,
        "12": 169.44,
        "13": 189.56,
        "14": 242.74,
        "15": 174.5,
        "16": 178.06,
        "17": 204.96,
        "18": 149.4
      },
      "total": 3218.28
    },
    {
      "ownerName": "jmhubbs",
      "leagueName": "D11L2 - Devil Jin",
      "division": "Division 2",
      "weekly": {
        "1": 136.6,
        "2": 163.54,
        "3": 197.4,
        "4": 174.04,
        "5": 169.12,
        "6": 118.74,
        "7": 128.92,
        "8": 175.34,
        "9": 161.04,
        "10": 161.34,
        "11": 167.12,
        "12": 163.3,
        "13": 198.86,
        "14": 185.9,
        "15": 167.46,
        "16": 180.12,
        "17": 151.26,
        "18": 164.38
      },
      "total": 2964.48
    },
    {
      "ownerName": "Joe__Joe_",
      "leagueName": "(D8L5)The Black All-Stars",
      "division": "Division 2",
      "weekly": {
        "1": 158.64,
        "2": 174.84,
        "3": 154.38,
        "4": 158.66,
        "5": 122.7,
        "6": 164.4,
        "7": 128.5,
        "8": 175.06,
        "9": 145.92,
        "10": 124.46,
        "11": 110,
        "12": 131.18,
        "13": 126.22,
        "14": 172.1,
        "15": 113.78,
        "16": 113.6,
        "17": 184.9,
        "18": 165.52
      },
      "total": 2624.86
    },
    {
      "ownerName": "StickyPicky",
      "leagueName": "(D8L5)The Black All-Stars",
      "division": "Division 2",
      "weekly": {
        "1": 159.08,
        "2": 176.12,
        "3": 216.32,
        "4": 160.38,
        "5": 190.86,
        "6": 205.66,
        "7": 179.7,
        "8": 165.22,
        "9": 171.02,
        "10": 156.5,
        "11": 149.66,
        "12": 163.9,
        "13": 167.54,
        "14": 136.4,
        "15": 212.6,
        "16": 180.6,
        "17": 199.98,
        "18": 197.72
      },
      "total": 3189.26
    },
    {
      "ownerName": "nate696",
      "leagueName": "(D8L5)The Black All-Stars",
      "division": "Division 2",
      "weekly": {
        "1": 154.48,
        "2": 177.86,
        "3": 186.6,
        "4": 146.64,
        "5": 160.18,
        "6": 188.02,
        "7": 158.62,
        "8": 208.48,
        "9": 187.76,
        "10": 167.28,
        "11": 132.18,
        "12": 149.16,
        "13": 199.8,
        "14": 194.74,
        "15": 174.84,
        "16": 213.6,
        "17": 221.78,
        "18": 135.18
      },
      "total": 3157.2
    },
    {
      "ownerName": "Cbomb18",
      "leagueName": "(D8L5)The Black All-Stars",
      "division": "Division 2",
      "weekly": {
        "1": 162.7,
        "2": 165.86,
        "3": 152.54,
        "4": 212.06,
        "5": 253.64,
        "6": 186.82,
        "7": 172.4,
        "8": 193.46,
        "9": 186.5,
        "10": 187.94,
        "11": 172.74,
        "12": 164.02,
        "13": 195.66,
        "14": 214.34,
        "15": 169.76,
        "16": 191.68,
        "17": 178.52,
        "18": 188.38
      },
      "total": 3349.02
    },
    {
      "ownerName": "CheekyHobson",
      "leagueName": "(D8L5)The Black All-Stars",
      "division": "Division 2",
      "weekly": {
        "1": 203.22,
        "2": 175.12,
        "3": 157.38,
        "4": 185.5,
        "5": 121.9,
        "6": 118.48,
        "7": 149.76,
        "8": 184.08,
        "9": 195.94,
        "10": 137.94,
        "11": 213.52,
        "12": 223.18,
        "13": 193.16,
        "14": 112.3,
        "15": 153.94,
        "16": 202.14,
        "17": 154.28,
        "18": 152.26
      },
      "total": 3034.1
    },
    {
      "ownerName": "batmax",
      "leagueName": "(D8L5)The Black All-Stars",
      "division": "Division 2",
      "weekly": {
        "1": 165.76,
        "2": 165.7,
        "3": 187.3,
        "4": 172.6,
        "5": 203.64,
        "6": 172.2,
        "7": 183.84,
        "8": 221.98,
        "9": 189.86,
        "10": 158.8,
        "11": 229.36,
        "12": 160.68,
        "13": 212.86,
        "14": 211.94,
        "15": 207.28,
        "16": 183.4,
        "17": 201.74,
        "18": 136
      },
      "total": 3364.94
    },
    {
      "ownerName": "drewbles13",
      "leagueName": "(D8L5)The Black All-Stars",
      "division": "Division 2",
      "weekly": {
        "1": 172.56,
        "2": 178.42,
        "3": 174.78,
        "4": 191.08,
        "5": 155.4,
        "6": 176.72,
        "7": 155.54,
        "8": 178.76,
        "9": 161.34,
        "10": 138.54,
        "11": 191.3,
        "12": 164.58,
        "13": 195.6,
        "14": 148.82,
        "15": 152.08,
        "16": 194.52,
        "17": 214,
        "18": 194.32
      },
      "total": 3138.36
    },
    {
      "ownerName": "JMorris410",
      "leagueName": "(D8L5)The Black All-Stars",
      "division": "Division 2",
      "weekly": {
        "1": 161.88,
        "2": 137.52,
        "3": 190.5,
        "4": 150.58,
        "5": 174.7,
        "6": 152.96,
        "7": 181.3,
        "8": 177.02,
        "9": 136.8,
        "10": 142.76,
        "11": 155.36,
        "12": 102.02,
        "13": 148.02,
        "14": 174.24,
        "15": 144.16,
        "16": 232.44,
        "17": 212,
        "18": 186.54
      },
      "total": 2959.8
    },
    {
      "ownerName": "JohnLegz",
      "leagueName": "(D8L5)The Black All-Stars",
      "division": "Division 2",
      "weekly": {
        "1": 119.26,
        "2": 178.74,
        "3": 175,
        "4": 149.16,
        "5": 182.76,
        "6": 192.42,
        "7": 149.64,
        "8": 169.92,
        "9": 202.68,
        "10": 147.56,
        "11": 187.16,
        "12": 156.74,
        "13": 186.16,
        "14": 185.18,
        "15": 252.82,
        "16": 168.68,
        "17": 168.04,
        "18": 173.1
      },
      "total": 3145.02
    },
    {
      "ownerName": "mtost",
      "leagueName": "(D8L5)The Black All-Stars",
      "division": "Division 2",
      "weekly": {
        "1": 153.44,
        "2": 101.12,
        "3": 147,
        "4": 185.3,
        "5": 139.82,
        "6": 162.28,
        "7": 134.38,
        "8": 176.98,
        "9": 193.48,
        "10": 132.26,
        "11": 200.98,
        "12": 146.52,
        "13": 143.22,
        "14": 170.9,
        "15": 178.28,
        "16": 144.92,
        "17": 161.72,
        "18": 134.74
      },
      "total": 2807.34
    },
    {
      "ownerName": "jmhubbs",
      "leagueName": "(D3L3) Balls of the Hulk",
      "division": "Division 2",
      "weekly": {
        "1": 140.82,
        "2": 144.18,
        "3": 176.86,
        "4": 173.78,
        "5": 159.74,
        "6": 193.98,
        "7": 156.84,
        "8": 159.86,
        "9": 166.08,
        "10": 131.98,
        "11": 129.72,
        "12": 176.24,
        "13": 171.72,
        "14": 130.66,
        "15": 192.74,
        "16": 186.88,
        "17": 223.74,
        "18": 184.08
      },
      "total": 2999.9
    },
    {
      "ownerName": "cambrian",
      "leagueName": "(D3L3) Balls of the Hulk",
      "division": "Division 2",
      "weekly": {
        "1": 220.06,
        "2": 139.5,
        "3": 232.26,
        "4": 178.02,
        "5": 188.32,
        "6": 176.26,
        "7": 163.06,
        "8": 143.94,
        "9": 183.94,
        "10": 157.08,
        "11": 123.76,
        "12": 132.28,
        "13": 187.48,
        "14": 184.94,
        "15": 191.54,
        "16": 169.2,
        "17": 180.98,
        "18": 173.52
      },
      "total": 3125.14
    },
    {
      "ownerName": "TySegall",
      "leagueName": "(D3L3) Balls of the Hulk",
      "division": "Division 2",
      "weekly": {
        "1": 146.1,
        "2": 149.9,
        "3": 116.62,
        "4": 156.24,
        "5": 139.98,
        "6": 174.06,
        "7": 193.02,
        "8": 200.66,
        "9": 173.26,
        "10": 133.28,
        "11": 165.84,
        "12": 147.36,
        "13": 161.08,
        "14": 131.84,
        "15": 156.72,
        "16": 155.38,
        "17": 135,
        "18": 105.52
      },
      "total": 2741.86
    },
    {
      "ownerName": "BigTymaZ420",
      "leagueName": "(D3L3) Balls of the Hulk",
      "division": "Division 2",
      "weekly": {
        "1": 172.72,
        "2": 186.68,
        "3": 200.68,
        "4": 185.4,
        "5": 174.06,
        "6": 188.84,
        "7": 153.2,
        "8": 243.34,
        "9": 177.26,
        "10": 163.08,
        "11": 140.14,
        "12": 162.7,
        "13": 188.78,
        "14": 177.56,
        "15": 178.46,
        "16": 221.84,
        "17": 199.24,
        "18": 152.26
      },
      "total": 3266.24
    },
    {
      "ownerName": "csimms52",
      "leagueName": "(D3L3) Balls of the Hulk",
      "division": "Division 2",
      "weekly": {
        "1": 172.3,
        "2": 200.74,
        "3": 173.24,
        "4": 136.9,
        "5": 217.94,
        "6": 138.8,
        "7": 138.88,
        "8": 201.24,
        "9": 240.04,
        "10": 145.26,
        "11": 198.62,
        "12": 161.82,
        "13": 174.38,
        "14": 206.34,
        "15": 162.38,
        "16": 162.7,
        "17": 207.56,
        "18": 128.82
      },
      "total": 3167.96
    },
    {
      "ownerName": "mtost",
      "leagueName": "(D3L3) Balls of the Hulk",
      "division": "Division 2",
      "weekly": {
        "1": 161.94,
        "2": 133.7,
        "3": 168.92,
        "4": 166.44,
        "5": 171.16,
        "6": 152.94,
        "7": 174.3,
        "8": 188.18,
        "9": 214.92,
        "10": 185.52,
        "11": 217.6,
        "12": 184.58,
        "13": 221.94,
        "14": 202.24,
        "15": 201.04,
        "16": 187.22,
        "17": 189.3,
        "18": 167.16
      },
      "total": 3289.1
    },
    {
      "ownerName": "BXBenny",
      "leagueName": "(D3L3) Balls of the Hulk",
      "division": "Division 2",
      "weekly": {
        "1": 162.86,
        "2": 185.68,
        "3": 139.96,
        "4": 184.94,
        "5": 124.66,
        "6": 165.58,
        "7": 153.04,
        "8": 166.24,
        "9": 194.38,
        "10": 123.94,
        "11": 228.2,
        "12": 176.3,
        "13": 177.84,
        "14": 204.96,
        "15": 158.64,
        "16": 191.82,
        "17": 216.44,
        "18": 204.16
      },
      "total": 3159.64
    },
    {
      "ownerName": "RageOnSunday",
      "leagueName": "(D3L3) Balls of the Hulk",
      "division": "Division 2",
      "weekly": {
        "1": 153.28,
        "2": 191.32,
        "3": 167.6,
        "4": 210.14,
        "5": 219.62,
        "6": 201.92,
        "7": 133.66,
        "8": 208.38,
        "9": 175.24,
        "10": 154.68,
        "11": 160.46,
        "12": 182.6,
        "13": 179.44,
        "14": 131.7,
        "15": 153.54,
        "16": 179.58,
        "17": 158.46,
        "18": 203.14
      },
      "total": 3164.76
    },
    {
      "ownerName": "StickyPicky",
      "leagueName": "(D3L3) Balls of the Hulk",
      "division": "Division 2",
      "weekly": {
        "1": 182.06,
        "2": 180.94,
        "3": 168.92,
        "4": 170.28,
        "5": 156.98,
        "6": 163.5,
        "7": 139.76,
        "8": 176.26,
        "9": 146.72,
        "10": 183.12,
        "11": 238.98,
        "12": 97.82,
        "13": 174.66,
        "14": 218.12,
        "15": 197.46,
        "16": 167.64,
        "17": 145.48,
        "18": 149.64
      },
      "total": 3058.34
    },
    {
      "ownerName": "westLEX",
      "leagueName": "(D3L3) Balls of the Hulk",
      "division": "Division 2",
      "weekly": {
        "1": 121.16,
        "2": 118.3,
        "3": 193.72,
        "4": 166.08,
        "5": 132.22,
        "6": 135.32,
        "7": 176.78,
        "8": 140.06,
        "9": 101.66,
        "10": 129.66,
        "11": 188.2,
        "12": 140.34,
        "13": 147.98,
        "14": 157.54,
        "15": 169.22,
        "16": 199.04,
        "17": 222.36,
        "18": 200.32
      },
      "total": 2839.96
    }
  ],
  "divisions": [
    "Division 1",
    "Division 2"
  ],
  "leaguesByDivision": {
    "Division 1": [
      "(D1L8) Balls of the Nights Watch",
      "D12L5 - Kimiko",
      "D12L1 - Butcher"
    ],
    "Division 2": [
      "D11L2 - Devil Jin",
      "(D8L5)The Black All-Stars",
      "(D3L3) Balls of the Hulk"
    ]
  }
}